---New round----
Uref[m/s],Uinf[m/s],runtime[s]
8,8,0
---New round----
Uref[m/s],Uinf[m/s],runtime[s]
8,8,0
---New round----
Uref[m/s],Uinf[m/s],runtime[s]
8,8,1
---New round----
Uref[m/s],Uinf[m/s],runtime[s]
8,8,0
---New round----
Uref[m/s],Uinf[m/s],runtime[s]
8,8,13
---New round----
Uref[m/s],Uinf[m/s],runtime[s]
8,8,44
---New round----
Uref[m/s],Uinf[m/s],runtime[s]
8,8,53
---New round----
Uref[m/s],Uinf[m/s],runtime[s]
8,8,36
---New round----
Uref[m/s],Uinf[m/s],runtime[s]
8,8,14
---New round----
Uref[m/s],Uinf[m/s],runtime[s]
8,8,17
---New round----
Uref[m/s],Uinf[m/s],runtime[s]
8,8,10
---New round----
Uref[m/s],Uinf[m/s],runtime[s]
8,8,3386
---New round----
Uref[m/s],Uinf[m/s],runtime[s]
8,8,9
---New round----
Uref[m/s],Uinf[m/s],runtime[s]
8,8,8
---New round----
Uref[m/s],Uinf[m/s],runtime[s]
8,8,13
---New round----
Uref[m/s],Uinf[m/s],runtime[s]
8,8,16
---New round----
Uref[m/s],Uinf[m/s],runtime[s]
8,8,42
---New round----
Uref[m/s],Uinf[m/s],runtime[s]
8,8,1
---New round----
Uref[m/s],Uinf[m/s],runtime[s]
8,8,0
---New round----
Uref[m/s],Uinf[m/s],runtime[s]
8,8,24179
---New round----
Uref[m/s],Uinf[m/s],runtime[s]
8,6,2458
8,7,2868
8,8,3453
8,9,4378
---New round----
Uref[m/s],Uinf[m/s],runtime[s]
8,6,13
8,7,4
8,8,1
8,9,1
---New round----
Uref[m/s],Uinf[m/s],runtime[s]
8,8,751
---New round----
Uref[m/s],Uinf[m/s],runtime[s]
7,3,3
7,4,3
7,5,1
7,6,2
---New round----
Uref[m/s],Uinf[m/s],runtime[s]
8,8,2
---New round----
Uref[m/s],Uinf[m/s],runtime[s]
8,8,3
---New round----
Uref[m/s],Uinf[m/s],runtime[s]
8,8,3
---New round----
Uref[m/s],Uinf[m/s],runtime[s]
8,8,3
---New round----
Uref[m/s],Uinf[m/s],runtime[s]
8,8,2
---New round----
Uref[m/s],Uinf[m/s],runtime[s]
8,8,2
---New round----
Uref[m/s],Uinf[m/s],runtime[s]
8,8,61
---New round----
Uref[m/s],Uinf[m/s],runtime[s]
7,3,237
7,4,334
7,5,414
7,6,553
7,7,506
7,8,922
7,9,703
7,10,801
7,11,829
7,12,773
8,3,276
8,4,377
8,5,437
8,6,519
8,7,554
8,8,913
8,9,723
8,10,759
8,11,786
8,12,656
9,3,269
9,4,318
9,5,350
9,6,603
9,7,501
9,8,686
9,9,820
9,10,769
9,11,817
9,12,788
---New round----
Uref[m/s],Uinf[m/s],runtime[s]
8,3,11
---New round----
Uref[m/s],Uinf[m/s],runtime[s]
8,3,65
---New round----
Uref[m/s],Uinf[m/s],runtime[s]
8,3,26
---New round----
Uref[m/s],Uinf[m/s],runtime[s]
8,3,13
---New round----
Uref[m/s],Uinf[m/s],runtime[s]
8,3,9
---New round----
Uref[m/s],Uinf[m/s],runtime[s]
8,3,0
---New round----
Uref[m/s],Uinf[m/s],runtime[s]
8,3,0
---New round----
Uref[m/s],Uinf[m/s],runtime[s]
8,3,1
---New round----
Uref[m/s],Uinf[m/s],runtime[s]
8,3,53
---New round----
Uref[m/s],Uinf[m/s],runtime[s]
8,3,226
---New round----
Uref[m/s],Uinf[m/s],runtime[s]
7,3,70
---New round----
Uref[m/s],Uinf[m/s],runtime[s]
7,7,117
---New round----
Uref[m/s],Uinf[m/s],runtime[s]
7,7,3426
---New round----
Uref[m/s],Uinf[m/s],runtime[s]
7,7,3825
---New round----
Uref[m/s],Uinf[m/s],runtime[s]
9,9,4908
---New round----
Uref[m/s],Uinf[m/s],runtime[s]
7,3,254
7,4,368
7,5,403
7,6,552
7,7,580
7,8,766
7,9,892
7,10,875
7,11,1240
7,12,1203
8,3,413
8,4,461
8,5,628
8,6,800
8,7,768
8,8,1211
8,9,1273
8,10,1142
8,11,1206
8,12,1246
9,3,342
9,4,442
9,5,571
9,6,776
9,7,770
9,8,1123
9,9,1171
9,10,1085
9,11,1267
9,12,1226
---New round----
Uref[m/s],Uinf[m/s],runtime[s]
8,8,18
---New round----
Uref[m/s],Uinf[m/s],runtime[s]
8,8,18
---New round----
Uref[m/s],Uinf[m/s],runtime[s]
8,8,39
---New round----
Uref[m/s],Uinf[m/s],runtime[s]
8,8,913
---New round----
Uref[m/s],Uinf[m/s],runtime[s]
8,8,34
---New round----
Uref[m/s],Uinf[m/s],runtime[s]
8,8,52
8,9,42
---New round----
Uref[m/s],Uinf[m/s],runtime[s]
8,8,69
8,9,53
---New round----
Uref[m/s],Uinf[m/s],runtime[s]
8,8,883
---New round----
Uref[m/s],Uinf[m/s],runtime[s]
8,8,1146
---New round----
Uref[m/s],Uinf[m/s],runtime[s]
8,8,1275
---New round----
Uref[m/s],Uinf[m/s],runtime[s]
8,8,2370
---New round----
Uref[m/s],Uinf[m/s],runtime[s]
8,8,1602
---New round----
Uref[m/s],Uinf[m/s],runtime[s]
8,8,0
---New round----
Uref[m/s],Uinf[m/s],runtime[s]
8,8,219
---New round----
Uref[m/s],Uinf[m/s],runtime[s]
8,8,17
---New round----
Uref[m/s],Uinf[m/s],runtime[s]
8,8,14
---New round----
Uref[m/s],Uinf[m/s],runtime[s]
8,8,462
---New round----
Uref[m/s],Uinf[m/s],runtime[s]
7,3,19
---New round----
Uref[m/s],Uinf[m/s],runtime[s]
7,3,2632
7,4,2805
7,5,2719
7,6,2744
7,7,2667
7,8,2594
7,9,2903
7,10,2731
7,11,2761
7,12,2816
8,3,2934
8,4,3046
8,5,2965
8,6,3199
8,7,3159
8,8,3092
8,9,2952
8,10,3374
8,11,2935
8,12,3004
---New round----
Uref[m/s],Uinf[m/s],runtime[s]
9,3,968
9,4,998
9,5,827
9,6,873
9,7,897
9,8,904
9,9,888
9,10,853
9,11,1017
9,12,887
---New round----
Uref[m/s],Uinf[m/s],runtime[s]
8,8,729
---New round----
Uref[m/s],Uinf[m/s],runtime[s]
8,8,779
---New round----
Uref[m/s],Uinf[m/s],runtime[s]
8,8,260
---New round----
Uref[m/s],Uinf[m/s],runtime[s]
8,8,13
---New round----
Uref[m/s],Uinf[m/s],runtime[s]
8,8,281
---New round----
Uref[m/s],Uinf[m/s],runtime[s]
8,8,12
---New round----
Uref[m/s],Uinf[m/s],runtime[s]
---New round----
Uref[m/s],Uinf[m/s],runtime[s]
8,8,13
---New round----
Uref[m/s],Uinf[m/s],runtime[s]
8,8,40
---New round----
Uref[m/s],Uinf[m/s],runtime[s]
8,8,13
---New round----
Uref[m/s],Uinf[m/s],runtime[s]
8,8,13
---New round----
Uref[m/s],Uinf[m/s],runtime[s]
8,8,13
---New round----
Uref[m/s],Uinf[m/s],runtime[s]
8,8,13
---New round----
Uref[m/s],Uinf[m/s],runtime[s]
8,8,14
---New round----
Uref[m/s],Uinf[m/s],runtime[s]
8,8,12
---New round----
Uref[m/s],Uinf[m/s],runtime[s]
8,8,12
---New round----
Uref[m/s],Uinf[m/s],runtime[s]
8,8,13
---New round----
Uref[m/s],Uinf[m/s],runtime[s]
8,8,13
---New round----
Uref[m/s],Uinf[m/s],runtime[s]
8,8,14
---New round----
Uref[m/s],Uinf[m/s],runtime[s]
8,8,72
---New round----
Uref[m/s],Uinf[m/s],runtime[s]
8,8,264
---New round----
Uref[m/s],Uinf[m/s],runtime[s]
8,8,319
---New round----
Uref[m/s],Uinf[m/s],runtime[s]
8,8,9
---New round----
Uref[m/s],Uinf[m/s],runtime[s]
8,8,43
---New round----
Uref[m/s],Uinf[m/s],runtime[s]
8,8,134
---New round----
Uref[m/s],Uinf[m/s],runtime[s]
8,8,134
---New round----
Uref[m/s],Uinf[m/s],runtime[s]
8,8,433
---New round----
Uref[m/s],Uinf[m/s],runtime[s]
8,8,861
---New round----
Uref[m/s],Uinf[m/s],runtime[s]
8,8,132
---New round----
Uref[m/s],Uinf[m/s],runtime[s]
8,8,31
---New round----
Uref[m/s],Uinf[m/s],runtime[s]
8,8,18
---New round----
Uref[m/s],Uinf[m/s],runtime[s]
8,8,17
---New round----
Uref[m/s],Uinf[m/s],runtime[s]
8,8,18
---New round----
Uref[m/s],Uinf[m/s],runtime[s]
8,8,27
---New round----
Uref[m/s],Uinf[m/s],runtime[s]
8,8,249
---New round----
Uref[m/s],Uinf[m/s],runtime[s]
5,3,310
5,4,288
5,5,79
---New round----
Uref[m/s],Uinf[m/s],runtime[s]
4,3,220
4,4,244
4,5,238
4,6,221
4,7,226
4,8,217
4,9,225
4,10,221
4,11,229
4,12,227
5,3,275
5,4,277
5,5,286
5,6,286
5,7,279
5,8,286
5,9,284
5,10,289
5,11,287
5,12,283
6,3,353
6,4,366
6,5,346
6,6,180
---New round----
Uref[m/s],Uinf[m/s],runtime[s]
4,3,72
---New round----
Uref[m/s],Uinf[m/s],runtime[s]
4,3,47
---New round----
Uref[m/s],Uinf[m/s],runtime[s]
---New round----
Uref[m/s],Uinf[m/s],runtime[s]
4,3,27
4,4,24
4,5,23
---New round----
Uref[m/s],Uinf[m/s],runtime[s]
---New round----
Uref[m/s],Uinf[m/s],runtime[s]
4,3,94
---New round----
Uref[m/s],Uinf[m/s],runtime[s]
4,3,55
---New round----
Uref[m/s],Uinf[m/s],runtime[s]
4,3,207
---New round----
Uref[m/s],Uinf[m/s],runtime[s]
4,3,34
---New round----
Uref[m/s],Uinf[m/s],runtime[s]
4,3,48
---New round----
Uref[m/s],Uinf[m/s],runtime[s]
4,3,60
---New round----
Uref[m/s],Uinf[m/s],runtime[s]
4,3,44
---New round----
Uref[m/s],Uinf[m/s],runtime[s]
4,3,45
---New round----
Uref[m/s],Uinf[m/s],runtime[s]
---New round----
Uref[m/s],Uinf[m/s],runtime[s]
4,3,905
4,4,905
4,5,946
4,6,1010
4,7,989
4,8,989
4,9,1061
4,10,926
4,11,1011
4,12,985
5,3,1231
5,4,1228
5,5,1198
5,6,1155
5,7,1267
5,8,1107
5,9,1038
5,10,1160
5,11,1211
5,12,1186
6,3,1466
6,4,1486
6,5,1506
6,6,1347
6,7,1469
6,8,1436
6,9,1551
6,10,1443
6,11,1577
6,12,1547
---New round----
Uref[m/s],Uinf[m/s],runtime[s]
8,8,87
---New round----
Uref[m/s],Uinf[m/s],runtime[s]
8,8,51
---New round----
Uref[m/s],Uinf[m/s],runtime[s]
8,8,27
---New round----
Uref[m/s],Uinf[m/s],runtime[s]
8,8,23
---New round----
Uref[m/s],Uinf[m/s],runtime[s]
4,3,283
4,4,280
4,5,284
4,6,279
4,7,279
4,8,279
4,9,280
4,10,280
4,11,283
4,12,282
5,3,356
5,4,352
5,5,351
5,6,356
5,7,355
5,8,351
5,9,352
5,10,350
5,11,350
5,12,357
6,3,427
6,4,431
6,5,431
6,6,427
6,7,425
6,8,430
6,9,426
6,10,425
6,11,427
6,12,426
---New round----
Uref[m/s],Uinf[m/s],runtime[s]
6,3,3421
6,4,3407
6,5,3391
6,6,3407
6,7,3514
6,8,3476
6,9,3670
6,10,3460
6,11,3528
6,12,3399
---New round----
Uref[m/s],Uinf[m/s],runtime[s]
8,8,114
---New round----
Uref[m/s],Uinf[m/s],runtime[s]
8,8,113
---New round----
Uref[m/s],Uinf[m/s],runtime[s]
8,8,119
---New round----
Uref[m/s],Uinf[m/s],runtime[s]
8,8,17
---New round----
Uref[m/s],Uinf[m/s],runtime[s]
8,8,113
---New round----
Uref[m/s],Uinf[m/s],runtime[s]
8,8,112
---New round----
Uref[m/s],Uinf[m/s],runtime[s]
8,8,752
---New round----
Uref[m/s],Uinf[m/s],runtime[s]
8,8,781
---New round----
Uref[m/s],Uinf[m/s],runtime[s]
4,3,355
4,4,353
4,5,354
4,6,279
---New round----
Uref[m/s],Uinf[m/s],runtime[s]
8,8,101
---New round----
Uref[m/s],Uinf[m/s],runtime[s]
8,8,674
---New round----
Uref[m/s],Uinf[m/s],runtime[s]
8,8,708
---New round----
Uref[m/s],Uinf[m/s],runtime[s]
8,8,693
---New round----
Uref[m/s],Uinf[m/s],runtime[s]
8,8,707
---New round----
Uref[m/s],Uinf[m/s],runtime[s]
8,8,703
---New round----
Uref[m/s],Uinf[m/s],runtime[s]
8,8,666
---New round----
Uref[m/s],Uinf[m/s],runtime[s]
8,8,772
---New round----
Uref[m/s],Uinf[m/s],runtime[s]
4,3,346
4,4,349
4,5,373
4,6,355
4,7,350
4,8,341
4,9,339
4,10,340
4,11,339
4,12,342
5,3,430
5,4,429
5,5,436
5,6,434
5,7,430
5,8,437
5,9,430
5,10,437
5,11,434
5,12,429
6,3,526
6,4,533
6,5,527
6,6,524
6,7,520
6,8,527
6,9,520
6,10,524
6,11,523
6,12,528
7,3,597
7,4,582
7,5,588
7,6,594
7,7,593
7,8,585
7,9,586
7,10,585
7,11,585
7,12,591
8,3,678
8,4,673
8,5,668
8,6,669
8,7,675
8,8,672
8,9,671
8,10,679
8,11,670
8,12,672
9,3,778
9,4,772
9,5,790
9,6,780
9,7,791
9,8,776
9,9,777
9,10,784
9,11,776
9,12,781
---New round----
Uref[m/s],Uinf[m/s],runtime[s]
6,3,464
6,4,659
6,5,810
6,6,1098
6,7,1127
6,8,1670
6,9,3371
6,10,2723
6,11,1610
6,12,1608
7,3,501
7,4,685
7,5,875
7,6,1252
7,7,1160
7,8,1639
7,9,1684
7,10,1686
7,11,1689
7,12,1680
8,3,471
8,4,660
8,5,814
8,6,1033
8,7,1074
8,8,1584
8,9,1559
8,10,1552
8,11,1561
8,12,1597
---New round----
Uref[m/s],Uinf[m/s],runtime[s]
8,8,83
---New round----
Uref[m/s],Uinf[m/s],runtime[s]
8,8,569
---New round----
Uref[m/s],Uinf[m/s],runtime[s]
8,8,684
---New round----
Uref[m/s],Uinf[m/s],runtime[s]
8,8,586
---New round----
Uref[m/s],Uinf[m/s],runtime[s]
8,8,20
---New round----
Uref[m/s],Uinf[m/s],runtime[s]
8,8,4404
---New round----
Uref[m/s],Uinf[m/s],runtime[s]
8,8,746
---New round----
Uref[m/s],Uinf[m/s],runtime[s]
8,8,62430
---New round----
Uref[m/s],Uinf[m/s],runtime[s]
8,8,68945
---New round----
Uref[m/s],Uinf[m/s],runtime[s]
8,8,1161
---New round----
Uref[m/s],Uinf[m/s],runtime[s]
8,8,1503
---New round----
Uref[m/s],Uinf[m/s],runtime[s]
8,8,533
---New round----
Uref[m/s],Uinf[m/s],runtime[s]
8,8,13327
---New round----
Uref[m/s],Uinf[m/s],runtime[s]
8,8,82760
---New round----
Uref[m/s],Uinf[m/s],runtime[s]
8,8,63576
---New round----
Uref[m/s],Uinf[m/s],runtime[s]
8,8,2915
---New round----
Uref[m/s],Uinf[m/s],runtime[s]
8,8,73893
---New round----
Uref[m/s],Uinf[m/s],runtime[s]
8,8,43
---New round----
Uref[m/s],Uinf[m/s],runtime[s]
8,8,314426
---New round----
Uref[m/s],Uinf[m/s],runtime[s]
8,8,47660
---New round----
Uref[m/s],Uinf[m/s],runtime[s]
8,8,16
---New round----
Uref[m/s],Uinf[m/s],runtime[s]
8,8,32710
---New round----
Uref[m/s],Uinf[m/s],runtime[s]
8,8,12
---New round----
Uref[m/s],Uinf[m/s],runtime[s]
8,8,31644
---New round----
Uref[m/s],Uinf[m/s],runtime[s]
---New round----
Uref[m/s],Uinf[m/s],runtime[s]
8,8,76361
---New round----
Uref[m/s],Uinf[m/s],runtime[s]
---New round----
Uref[m/s],Uinf[m/s],runtime[s]
8,8,34678
---New round----
Uref[m/s],Uinf[m/s],runtime[s]
8,8,8
---New round----
Uref[m/s],Uinf[m/s],runtime[s]
8,8,313
---New round----
Uref[m/s],Uinf[m/s],runtime[s]
8,8,312
---New round----
Uref[m/s],Uinf[m/s],runtime[s]
8,8,5726
---New round----
Uref[m/s],Uinf[m/s],runtime[s]
8,8,156281
---New round----
Uref[m/s],Uinf[m/s],runtime[s]
8,8,1002
---New round----
Uref[m/s],Uinf[m/s],runtime[s]
8,8,59
---New round----
Uref[m/s],Uinf[m/s],runtime[s]
8,8,270061
---New round----
Uref[m/s],Uinf[m/s],runtime[s]
8,8,592
---New round----
Uref[m/s],Uinf[m/s],runtime[s]
8,8,557
---New round----
Uref[m/s],Uinf[m/s],runtime[s]
8,8,395
---New round----
Uref[m/s],Uinf[m/s],runtime[s]
8,8,324
---New round----
Uref[m/s],Uinf[m/s],runtime[s]
8,8,383
---New round----
Uref[m/s],Uinf[m/s],runtime[s]
8,8,1484
---New round----
Uref[m/s],Uinf[m/s],runtime[s]
8,8,1217
---New round----
Uref[m/s],Uinf[m/s],runtime[s]
8,8,10
---New round----
Uref[m/s],Uinf[m/s],runtime[s]
8,8,38
---New round----
Uref[m/s],Uinf[m/s],runtime[s]
8,8,1068
---New round----
Uref[m/s],Uinf[m/s],runtime[s]
8,8,1457
---New round----
Uref[m/s],Uinf[m/s],runtime[s]
8,8,18477
---New round----
Uref[m/s],Uinf[m/s],runtime[s]
8,8,18428
---New round----
Uref[m/s],Uinf[m/s],runtime[s]
8,8,18
---New round----
Uref[m/s],Uinf[m/s],runtime[s]
8,8,6729
---New round----
Uref[m/s],Uinf[m/s],runtime[s]
8,8,14312
---New round----
Uref[m/s],Uinf[m/s],runtime[s]
8,8,1123
---New round----
Uref[m/s],Uinf[m/s],runtime[s]
8,8,10872
---New round----
Uref[m/s],Uinf[m/s],runtime[s]
8,8,2074
---New round----
Uref[m/s],Uinf[m/s],runtime[s]
8,8,34
---New round----
Uref[m/s],Uinf[m/s],runtime[s]
8,8,76
---New round----
Uref[m/s],Uinf[m/s],runtime[s]
8,8,423
---New round----
Uref[m/s],Uinf[m/s],runtime[s]
8,8,987
---New round----
Uref[m/s],Uinf[m/s],runtime[s]
8,8,159
---New round----
Uref[m/s],Uinf[m/s],runtime[s]
8,8,2516
---New round----
Uref[m/s],Uinf[m/s],runtime[s]
8,8,2312
---New round----
Uref[m/s],Uinf[m/s],runtime[s]
8,8,2327
---New round----
Uref[m/s],Uinf[m/s],runtime[s]
8,8,2408
---New round----
Uref[m/s],Uinf[m/s],runtime[s]
8,8,2220
---New round----
Uref[m/s],Uinf[m/s],runtime[s]
8,8,2289
---New round----
Uref[m/s],Uinf[m/s],runtime[s]
8,8,2263
---New round----
Uref[m/s],Uinf[m/s],runtime[s]
8,8,2193
---New round----
Uref[m/s],Uinf[m/s],runtime[s]
8,8,900
---New round----
Uref[m/s],Uinf[m/s],runtime[s]
4,4,0
5,5,0
6,6,1
7,7,0
8,8,0
9,9,0
---New round----
Uref[m/s],Uinf[m/s],runtime[s]
4,4,0
---New round----
Uref[m/s],Uinf[m/s],runtime[s]
---New round----
Uref[m/s],Uinf[m/s],runtime[s]
3,3,1146
4,4,1613
5,5,2002
6,6,2629
7,7,2636
8,8,3965
9,9,3919
10,10,3938
11,11,3950
12,12,3885
13,13,3889
14,14,7739
15,15,7895
16,16,8089
17,17,7852
---New round----
Uref[m/s],Uinf[m/s],runtime[s]
---New round----
Uref[m/s],Uinf[m/s],runtime[s]
3,3,1004
3,3,991
3,3,948
3,3,508
---New round----
Uref[m/s],Uinf[m/s],runtime[s]
3,3,1454
4,4,1905
5,5,703
6,6,923
7,7,963
8,8,1371
9,9,1367
10,10,1369
11,11,1373
12,12,1359
13,13,1398
14,14,2621
15,15,2685
16,16,2621
17,17,2646
---New round----
Uref[m/s],Uinf[m/s],runtime[s]
8,8,12166
---New round----
Uref[m/s],Uinf[m/s],runtime[s]
---New round----
Uref[m/s],Uinf[m/s],runtime[s]
15,15,24132
---New round----
Uref[m/s],Uinf[m/s],runtime[s]
3,3,387
---New round----
Uref[m/s],Uinf[m/s],runtime[s]
3,3,4637
3,4,6325
3,5,7651
3,6,10382
3,7,10387
3,8,79
---New round----
Uref[m/s],Uinf[m/s],runtime[s]
3,3,1072
3,4,1350
3,5,1661
3,6,2268
3,7,2182
3,8,3511
3,9,3254
4,3,978
4,4,1363
4,5,1736
4,6,2235
4,7,2396
4,8,3359
4,9,3505
5,3,1061
5,4,1487
5,5,1718
5,6,2384
5,7,2281
5,8,3237
5,9,3390
6,3,1049
6,4,1450
6,5,1793
6,6,2280
6,7,2435
6,8,3284
6,9,3336
7,3,1038
7,4,1403
7,5,1692
7,6,2391
7,7,2331
7,8,3404
7,9,3183
8,3,918
8,4,1381
8,5,1825
8,6,2330
8,7,2423
8,8,3470
8,9,3514
9,3,1011
9,4,1359
9,5,1779
9,6,2222
9,7,2192
9,8,3582
9,9,3348
---New round----
Uref[m/s],Uinf[m/s],runtime[s]
8,8,28
---New round----
Uref[m/s],Uinf[m/s],runtime[s]
8,8,26
---New round----
Uref[m/s],Uinf[m/s],runtime[s]
8,8,2085
---New round----
Uref[m/s],Uinf[m/s],runtime[s]
15,15,4128
---New round----
Uref[m/s],Uinf[m/s],runtime[s]
15,15,2952
---New round----
Uref[m/s],Uinf[m/s],runtime[s]
15,15,14082
---New round----
Uref[m/s],Uinf[m/s],runtime[s]
15,15,55
---New round----
Uref[m/s],Uinf[m/s],runtime[s]
8,8,28
---New round----
Uref[m/s],Uinf[m/s],runtime[s]
8,8,2113
---New round----
Uref[m/s],Uinf[m/s],runtime[s]
8,8,30
---New round----
Uref[m/s],Uinf[m/s],runtime[s]
8,8,33
---New round----
Uref[m/s],Uinf[m/s],runtime[s]
8,8,34
---New round----
Uref[m/s],Uinf[m/s],runtime[s]
8,8,52
---New round----
Uref[m/s],Uinf[m/s],runtime[s]
8,8,46
---New round----
Uref[m/s],Uinf[m/s],runtime[s]
8,8,40
---New round----
Uref[m/s],Uinf[m/s],runtime[s]
8,8,29
---New round----
Uref[m/s],Uinf[m/s],runtime[s]
8,8,39
---New round----
Uref[m/s],Uinf[m/s],runtime[s]
8,8,31
---New round----
Uref[m/s],Uinf[m/s],runtime[s]
8,8,76
---New round----
Uref[m/s],Uinf[m/s],runtime[s]
8,8,17
---New round----
Uref[m/s],Uinf[m/s],runtime[s]
3,10,770
4,10,777
5,10,766
6,10,773
7,10,803
8,10,842
9,10,791
---New round----
Uref[m/s],Uinf[m/s],runtime[s]
8,8,16
---New round----
Uref[m/s],Uinf[m/s],runtime[s]
3,11,787
3,12,790
4,11,783
4,12,778
5,11,779
5,12,776
6,11,785
6,12,782
7,11,791
7,12,789
8,11,807
8,12,794
9,11,803
9,12,793
---New round----
Uref[m/s],Uinf[m/s],runtime[s]
8,8,785
---New round----
Uref[m/s],Uinf[m/s],runtime[s]
8,8,14
---New round----
Uref[m/s],Uinf[m/s],runtime[s]
8,8,2145
---New round----
Uref[m/s],Uinf[m/s],runtime[s]
15,15,1569
---New round----
Uref[m/s],Uinf[m/s],runtime[s]
15,15,8186
---New round----
Uref[m/s],Uinf[m/s],runtime[s]
15,15,16
---New round----
Uref[m/s],Uinf[m/s],runtime[s]
8,8,87
---New round----
Uref[m/s],Uinf[m/s],runtime[s]
8,8,94
---New round----
Uref[m/s],Uinf[m/s],runtime[s]
8,8,89
---New round----
Uref[m/s],Uinf[m/s],runtime[s]
8,8,93
---New round----
Uref[m/s],Uinf[m/s],runtime[s]
8,8,86
---New round----
Uref[m/s],Uinf[m/s],runtime[s]
8,8,133
---New round----
Uref[m/s],Uinf[m/s],runtime[s]
8,8,84
---New round----
Uref[m/s],Uinf[m/s],runtime[s]
8,8,116
---New round----
Uref[m/s],Uinf[m/s],runtime[s]
8,8,196
---New round----
Uref[m/s],Uinf[m/s],runtime[s]
8,8,271
---New round----
Uref[m/s],Uinf[m/s],runtime[s]
8,8,161
---New round----
Uref[m/s],Uinf[m/s],runtime[s]
8,8,165
---New round----
Uref[m/s],Uinf[m/s],runtime[s]
8,8,167
---New round----
Uref[m/s],Uinf[m/s],runtime[s]
8,8,116
---New round----
Uref[m/s],Uinf[m/s],runtime[s]
8,8,30
---New round----
Uref[m/s],Uinf[m/s],runtime[s]
8,8,71
---New round----
Uref[m/s],Uinf[m/s],runtime[s]
8,8,290
---New round----
Uref[m/s],Uinf[m/s],runtime[s]
8,8,92
---New round----
Uref[m/s],Uinf[m/s],runtime[s]
8,8,2058
---New round----
Uref[m/s],Uinf[m/s],runtime[s]
8,8,619
---New round----
Uref[m/s],Uinf[m/s],runtime[s]
8,8,2190
---New round----
Uref[m/s],Uinf[m/s],runtime[s]
8,8,2240
---New round----
Uref[m/s],Uinf[m/s],runtime[s]
8,8,15
---New round----
Uref[m/s],Uinf[m/s],runtime[s]
8,8,416
---New round----
Uref[m/s],Uinf[m/s],runtime[s]
8,8,1250
---New round----
Uref[m/s],Uinf[m/s],runtime[s]
8,8,91
---New round----
Uref[m/s],Uinf[m/s],runtime[s]
8,8,5517
---New round----
Uref[m/s],Uinf[m/s],runtime[s]
3,3,399
3,4,538
3,5,697
3,6,893
3,7,921
3,8,1346
3,9,1336
3,10,1333
3,11,1323
3,12,1336
4,3,424
4,4,544
4,5,672
4,6,925
4,7,905
4,8,1344
4,9,1310
4,10,1331
4,11,1341
4,12,1332
5,3,418
5,4,570
5,5,682
5,6,914
5,7,919
5,8,1330
5,9,1292
5,10,1310
5,11,1337
5,12,1340
6,3,426
6,4,566
6,5,700
6,6,928
6,7,887
6,8,1332
6,9,1363
6,10,1339
6,11,1330
6,12,1348
7,3,399
7,4,558
7,5,677
7,6,895
7,7,907
7,8,1336
7,9,1336
7,10,1357
7,11,1358
7,12,1335
8,3,425
8,4,596
8,5,702
8,6,948
8,7,955
8,8,1422
8,9,1381
8,10,1377
8,11,1410
8,12,1413
9,3,417
9,4,581
9,5,726
9,6,947
9,7,944
9,8,1361
9,9,1373
9,10,1378
9,11,1396
9,12,1395
---New round----
Uref[m/s],Uinf[m/s],runtime[s]
8,8,1286
---New round----
Uref[m/s],Uinf[m/s],runtime[s]
8,8,1040
---New round----
Uref[m/s],Uinf[m/s],runtime[s]
15,15,2664
---New round----
Uref[m/s],Uinf[m/s],runtime[s]
15,15,2658
---New round----
Uref[m/s],Uinf[m/s],runtime[s]
6,3,2326
6,4,3329
6,5,4082
6,6,5389
6,7,5476
6,8,8197
6,9,8216
6,10,8301
6,11,8338
6,12,8383
7,3,2406
7,4,3279
7,5,4130
7,6,5425
7,7,5537
7,8,8293
7,9,8266
7,10,8104
7,11,8196
7,12,8153
8,3,785
---New round----
Uref[m/s],Uinf[m/s],runtime[s]
8,3,1140
8,4,1627
8,5,1971
8,6,2607
8,7,2577
8,8,492
---New round----
Uref[m/s],Uinf[m/s],runtime[s]
8,8,15
8,9,15
---New round----
Uref[m/s],Uinf[m/s],runtime[s]
8,8,16
---New round----
Uref[m/s],Uinf[m/s],runtime[s]
8,8,40
---New round----
Uref[m/s],Uinf[m/s],runtime[s]
8,8,2985
---New round----
Uref[m/s],Uinf[m/s],runtime[s]
8,9,3006
---New round----
Uref[m/s],Uinf[m/s],runtime[s]
---New round----
Uref[m/s],Uinf[m/s],runtime[s]
8,9,44994
8,10,1240
9,3,2155
9,4,1462
9,5,1858
9,6,2413
9,7,2444
9,8,3697
9,9,3619
9,10,3556
9,11,3661
9,12,3613
---New round----
Uref[m/s],Uinf[m/s],runtime[s]
8,9,3635
8,10,3681
8,11,3600
8,12,3649
---New round----
Uref[m/s],Uinf[m/s],runtime[s]
9,3,1088
---New round----
Uref[m/s],Uinf[m/s],runtime[s]
8,8,15
---New round----
Uref[m/s],Uinf[m/s],runtime[s]
8,8,14
---New round----
Uref[m/s],Uinf[m/s],runtime[s]
8,8,1326
---New round----
Uref[m/s],Uinf[m/s],runtime[s]
8,8,1873
---New round----
Uref[m/s],Uinf[m/s],runtime[s]
15,15,2850
---New round----
Uref[m/s],Uinf[m/s],runtime[s]
15,15,3271
---New round----
Uref[m/s],Uinf[m/s],runtime[s]
8,8,2515
---New round----
Uref[m/s],Uinf[m/s],runtime[s]
---New round----
Uref[m/s],Uinf[m/s],runtime[s]
8,8,20
---New round----
Uref[m/s],Uinf[m/s],runtime[s]
8,8,2634
---New round----
Uref[m/s],Uinf[m/s],runtime[s]
3,3,605
4,4,840
5,5,1119
6,6,1414
7,7,1513
8,8,2033
9,9,2151
10,10,2124
11,11,1968
12,12,2016
13,13,1997
14,14,3986
15,15,4031
16,16,3982
17,17,4008
---New round----
Uref[m/s],Uinf[m/s],runtime[s]
8,8,16
---New round----
Uref[m/s],Uinf[m/s],runtime[s]
8,8,30
---New round----
Uref[m/s],Uinf[m/s],runtime[s]
8,8,28
---New round----
Uref[m/s],Uinf[m/s],runtime[s]
8,8,27
---New round----
Uref[m/s],Uinf[m/s],runtime[s]
8,8,27
---New round----
Uref[m/s],Uinf[m/s],runtime[s]
8,8,22
---New round----
Uref[m/s],Uinf[m/s],runtime[s]
8,8,119
---New round----
Uref[m/s],Uinf[m/s],runtime[s]
8,8,48
---New round----
Uref[m/s],Uinf[m/s],runtime[s]
8,8,166
